id;active;date_creation;date_modification;email;entite;nom;password;prenom;telephone;user_name
1;false;2022-03-22T12:17:54;2022-03-23T07:19:48;Jaren_Reinger33@yahoo.com;Small systemic India;collaborative multi-byte;generate Grass-roots Loan;Connecticut Knolls generation;(553) 600-9301 x1212;User-friendly
2;true;2022-03-23T08:09:16;2022-03-22T19:50:41;Ena_Batz@hotmail.com;synergize redundant;backing;Coordinator;Loan Louisiana;(275) 655-6073;Lead card envisioneer
3;false;2022-03-23T06:08:45;2022-03-22T21:03:26;Hadley_Abernathy98@hotmail.com;Italy;Sports optical Mouse;protocol sexy Quality;program Progressive Configuration;1-628-244-2995;turquoise Frozen back-end
4;true;2022-03-23T03:36:25;2022-03-22T16:36:42;Antone23@yahoo.com;incubate red invoice;enable Electronics;EXE zero;client-driven invoice world-class;(388) 482-9253 x5787;Baby orange
5;true;2022-03-22T20:12:20;2022-03-22T12:40:37;Lily.Quigley@hotmail.com;efficient connect;Designer conglomeration;Bedfordshire;generating Frozen maximize;914.661.4919 x2119;Gorgeous
6;true;2022-03-23T03:02:49;2022-03-23T06:20:47;Carlee_Gulgowski@hotmail.com;silver copying Nicaragua;deposit;Home FTP Wooden;Avon New withdrawal;356-897-8379 x77396;Pre-emptive zero Architect
7;false;2022-03-23T00:23:27;2022-03-22T17:22:59;Jefferey.Altenwerth@gmail.com;seize SAS;e-services;visualize;Handcrafted Guam Tunnel;362-823-8254 x41523;Planner Pennsylvania
8;false;2022-03-22T12:55:15;2022-03-23T04:32:55;Marc_Fadel@yahoo.com;invoice Card Checking;payment SAS Soft;Chips Books;maroon Forward;(678) 775-5708 x732;enable Garden Data
9;false;2022-03-23T05:20:58;2022-03-23T09:51:54;Elliott_Rolfson95@yahoo.com;Borders Agent empowering;ubiquitous;Avon;networks;1-347-752-3293 x116;Keyboard Berkshire hacking
10;true;2022-03-23T04:15:59;2022-03-22T15:02:32;Berenice_Runolfsdottir9@yahoo.com;Brand overriding;Steel generating;array sky Maryland;wireless;1-647-984-3949 x932;Plains Berkshire transmit
