id;type_beneficiare;adresse;benef_2019;benef_2020;cin;date_creation;date_modification;date_naissance;email;etat;explication_refus;nbr_enfants;niveau_scolarite;nom;nom_fr;numero_dossier;prenom;prenom_fr;profession;selectionner;sexe;telephone;autre_benef_2019;autre_benef_2020;relation_familiale;lieu_travail_professionnel;specialite_professionnel
1;int;channels;79187;94136;redundant Legacy Shirt;2022-03-22T18:48:04;2022-03-22T14:44:28;2022-03-22;Ayana.Swaniawski81@hotmail.com;68795;solid azure Dynamic;41371;5470;generating Lead;mindshare Ariary Re-contextualized;Loan Music;Zambia e-commerce capacitor;Cambridgeshire motivating paradigm;firewall port;55691;17043;519.612.5681 x460;43692;73740;66659;West;44033
2;Ind;granular;89082;9012;Architect relationships Jewelery;2022-03-22T19:47:33;2022-03-22T15:40:43;2022-03-22;Janet_Pollich@hotmail.com;42712;bus Coordinator;89495;19890;asymmetric Handcrafted;Shilling Officer;red IB;bandwidth Lights;human-resource Tasty Markets;deposit Communications;90351;41003;(879) 684-6323 x279;81883;50109;52442;invoice base cross-platform;66502
3;Lod;RSS Rufiyaa Response;42610;68646;Card;2022-03-22T19:17:27;2022-03-23T09:44:34;2022-03-22;Ana18@yahoo.com;39466;Car;34363;93900;Montana;Investor CSS Buckinghamshire;e-business;override proactive parsing;parsing;Chief forecast e-commerce;48720;21477;245.502.3785;95855;24217;40341;Nauru Soft optical;60906
4;Aut;Intranet;32956;90490;hacking overriding Cotton;2022-03-22T12:09:12;2022-03-23T06:21:03;2022-03-22;Corrine93@gmail.com;5038;Towels;65973;19759;Berkshire;Salad;Tools Port;Awesome;up approach;Licensed;20295;21921;924-917-3793 x197;22929;99054;61873;Health platforms;47096
5;orc;Brooks;76134;69995;Plastic Gorgeous;2022-03-22T14:49:37;2022-03-22T17:57:11;2022-03-22;Joshuah18@hotmail.com;76721;New cross-platform;63247;76446;proactive Squares;modular Awesome;Assistant Tools Forward;Investment quantifying e-tailers;ADP Barbados schemas;HDD;18506;55690;(302) 955-5624;84603;78064;40731;relationships;95232
6;Acc;Orchestrator Object-based;75478;6577;withdrawal Keyboard infomediaries;2022-03-22T23:50:13;2022-03-22T16:03:27;2022-03-23;Daron_Thompson23@hotmail.com;84751;SDD Chips;11536;98373;reboot Georgia Bedfordshire;red Customer;Tuna;Object-based azure;portals target;users Shirt;78666;64529;1-242-543-8781;60077;78063;79184;Caicos;15074
7;Ira;Buckinghamshire Chicken;19093;73249;Convertible;2022-03-23T04:30:55;2022-03-23T01:48:52;2022-03-23;Lucius_Schuster@gmail.com;21928;California Baby Assurance;76581;65704;indexing Toys Cove;Gold;deliverables e-markets;Small;Customer orange;GB;72776;1878;618-250-8437;17485;50639;50187;panel;54671
8;Buc;virtual Islands Corporate;41962;73559;Facilitator;2022-03-23T04:43:27;2022-03-22T16:10:16;2022-03-23;Montana_Witting@yahoo.com;41937;Representative;30051;25200;real-time white navigating;Villages overriding;Sleek virtual;Grocery;indexing Director Planner;Handcrafted;66577;98234;715.403.8903;47320;48170;3161;pixel Pants Consultant;83097
9;Ope;Quality Bosnia;83716;45168;indexing;2022-03-22T12:18:52;2022-03-22T13:15:02;2022-03-22;Katlynn_Lynch@yahoo.com;76863;channels;47786;47075;Light Connecticut Dakota;Customer-focused architectures;Avon;customer Gorgeous partnerships;mint;Inverse port Chips;22762;78643;(902) 694-1231;15149;7971;67268;Phased Shirt;59530
10;Dat;Harbor Generic;92866;1324;haptic transmitting optimizing;2022-03-22T21:09:19;2022-03-22T22:58:44;2022-03-23;Rebecca13@hotmail.com;19830;Italy user-centric open;98919;34231;Franc invoice;navigate Officer Account;Avon syndicate Ohio;AI Berkshire Pants;Avon Optimized hack;Bedfordshire web-readiness invoice;72851;65235;229.445.7591;90918;8650;65338;payment ivory Operations;91919
