id;adresse;benef_2019;benef_2020;cin;date_creation;date_modification;date_naissance;email;etat;explication_refus;nbr_enfants;niveau_scolarite;nom;nom_fr;numero_dossier;prenom;prenom_fr;profession;selectionner;sexe;telephone;autre_benef_2019;autre_benef_2020;relation_familiale
1;interface;67290;46192;mobile strategic generate;2022-03-22T22:29:07;2022-03-23T04:59:45;2022-03-23;Aric_Mosciski9@hotmail.com;17120;Minnesota Ecuador;19067;15065;software Steel;lime Specialist;Franc Implementation utilisation;PNG B2C;Unbranded;Bahamian directional;88768;35411;1-247-940-6653 x91839;53660;79982;88065
2;hard copying;17691;25769;quantifying deposit;2022-03-22T21:14:42;2022-03-22T21:50:05;2022-03-22;Elena.Roberts@gmail.com;89773;infrastructures;98940;66245;wireless COM Handcrafted;Sausages quantify olive;non-volatile budgetary back-end;Fundamental;Rustic Gloves cultivate;methodical;67626;12449;246-829-9510 x4248;20187;61665;81117
3;Sleek;73706;79866;Towels Savings program;2022-03-23T07:39:30;2022-03-23T03:07:37;2022-03-23;Janae56@gmail.com;52107;De-engineered Loan;61343;39009;Orchestrator;calculate turquoise microchip;Account optical;payment Fresh Face;Brooks deposit;Accounts;35692;26017;1-788-229-8664;95668;95108;18426
4;Virginia;67041;66165;reboot XSS Soft;2022-03-23T03:06:35;2022-03-22T13:29:41;2022-03-22;Gene.Breitenberg69@hotmail.com;20796;paradigms hacking;92971;33746;sky Indian;Assistant;Gloves array;Manager Soft;deliverables Dynamic;Account Village mindshare;95938;51256;1-398-697-7350;60945;60482;37758
5;connect Books;95275;47076;Loop;2022-03-23T00:57:57;2022-03-22T16:31:29;2022-03-23;Korbin.Franecki42@yahoo.com;38794;Intelligent Generic;15789;24409;index Fantastic;withdrawal;Sleek Eritrea;back;Strategist Wallis;hacking turquoise;63106;41770;265.756.6554;63389;64295;68904
6;Tools;93979;24071;grey Uzbekistan;2022-03-23T00:05:12;2022-03-22T20:58:31;2022-03-22;Haley11@hotmail.com;80780;Balanced deposit benchmark;80833;46945;Unbranded Accountability generate;transmitter Legacy quantifying;Account New Checking;invoice Representative;Ports;Generic Group;1152;92183;1-706-914-6804;17395;17672;88283
7;Cotton pixel Somoni;27283;42001;Creative user-centric;2022-03-23T00:55:09;2022-03-22T13:37:55;2022-03-22;Karson14@gmail.com;91054;Islands;36554;26697;Bedfordshire Investment;methodologies Branch IB;yellow interface;alliance mindshare gold;circuit initiatives;Clothing;1699;36640;(840) 651-7467;93667;80942;86769
8;Polarised Orchestrator;96808;96039;Iowa Accountability;2022-03-23T08:39:03;2022-03-23T01:29:30;2022-03-22;Gussie.Gerlach50@hotmail.com;28815;withdrawal;56062;49047;Chad Horizontal;matrix Profit-focused;Forges;circuit blue;Senior;RSS primary empower;23257;77975;1-696-351-1976 x1194;87364;4902;28554
9;interface turn-key Chicken;11636;31400;Legacy Spurs unleash;2022-03-23T00:39:51;2022-03-23T07:02:40;2022-03-22;Dell96@hotmail.com;30540;Principal;38681;55889;functionalities end-to-end;XML Intelligent Buckinghamshire;Assimilated;leading-edge Guinea;open-source Credit;project lime;54755;84980;382-930-9794 x00820;54433;60719;82241
10;auxiliary;44625;23136;Agent Generic copying;2022-03-23T03:13:18;2022-03-23T11:05:34;2022-03-22;Doris.Lebsack@hotmail.com;43564;indexing;25943;79298;Leone azure Gloves;protocol conglomeration Sports;markets system;Generic HTTP;Fantastic Grocery Facilitator;Krona;19584;47325;431.355.8736 x8980;56019;67428;20518
