id;adresse;benef_2019;benef_2020;cin;date_creation;date_modification;date_naissance;email;etat;explication_refus;nbr_enfants;niveau_scolarite;nom;nom_fr;numero_dossier;prenom;prenom_fr;profession;selectionner;sexe;telephone;lieu_travail_professionnel;specialite_professionnel
1;Cayman Administrator;22414;78436;Automotive lime Tugrik;2022-03-22T23:33:11;2022-03-23T09:50:05;2022-03-22;Florencio.Armstrong@gmail.com;78330;incubate National Senior;45580;64142;Granite;Utah approach;Libyan;neural;Computers Internal Corner;Right-sized Account;48630;11605;1-548-637-2100 x007;reboot circuit;12258
2;withdrawal Consultant technologies;74352;26066;redundant Awesome array;2022-03-22T23:39:06;2022-03-22T18:19:39;2022-03-23;Guiseppe19@gmail.com;18842;fuchsia Programmable Principal;59130;1049;Federation;Cotton;Assurance Account;bypass;Franc;customized Inlet;33856;38514;1-812-950-2525;rich system niches;30389
3;maroon;2769;88175;program;2022-03-23T01:52:37;2022-03-22T21:07:45;2022-03-23;Violet46@yahoo.com;77795;human-resource;61223;7430;maroon;Avon multi-byte;Ergonomic;Home Factors;driver Strategist sky;Congolese;44602;8829;(452) 688-0129 x84849;infrastructures;65301
4;protocol;16609;22621;bandwidth Switchable;2022-03-23T10:50:50;2022-03-23T02:15:39;2022-03-23;Elroy_Rodriguez@hotmail.com;15021;Handcrafted;29505;91937;Corner Rubber National;parse Jewelery;New;payment Carolina;navigate Flats firewall;Gorgeous Center;57909;67740;810-496-5417;one-to-one revolutionize;85394
5;blue;61583;15319;copying Expressway FTP;2022-03-22T15:49:05;2022-03-23T07:30:51;2022-03-23;Iva_Abbott68@gmail.com;93354;Bedfordshire needs-based CSS;77944;24339;Corporate Loan Engineer;Ball Ergonomic synergize;Future Iowa Borders;grey Fresh;grid-enabled Light;transmitting;44352;18241;323-539-4037 x58648;cutting-edge;72816
6;GB;53603;8487;transitional Clothing;2022-03-23T08:48:18;2022-03-22T14:35:22;2022-03-23;Aurelio_Bartoletti@gmail.com;58664;compressing installation;19715;1398;Shirt navigating Mission;overriding Garden;front-end Buckinghamshire complexity;Beauty;monetize;green;52008;68691;(762) 532-9203;B2C Vermont Shirt;46880
7;Customer back-end;34538;7495;Incredible networks Consultant;2022-03-23T11:15:33;2022-03-22T22:47:35;2022-03-23;Anibal.Cassin54@gmail.com;98839;indexing Wells;22856;83605;Administrator Keyboard deposit;Corporate PNG Multi-tiered;Jewelery;intermediate Intelligent Producer;Legacy parsing Mali;Centralized synergies asymmetric;331;17875;244.387.1584 x6792;sensor COM Beauty;12400
8;plum bus Cotton;64761;25797;Yemeni Fantastic;2022-03-22T14:36:04;2022-03-23T01:49:20;2022-03-23;Annamae59@yahoo.com;67091;transition;59589;40393;clear-thinking Fantastic;Engineer black;Dakota;bus;reintermediate;Reduced Borders;38007;81651;456-544-4031;neural Wooden monitor;95822
9;Nevada;6139;34643;Field primary Berkshire;2022-03-22T14:17:25;2022-03-23T03:43:13;2022-03-23;Betty.Gerlach@yahoo.com;60748;Georgia TCP deposit;53746;94903;generating;Tuvalu Shirt Utah;Pound CSS loyalty;multi-byte;Carolina Licensed Principal;CSS discrete Borders;60641;1087;910.604.8848 x050;solid monitor;33108
10;cutting-edge;43938;74027;to Tasty;2022-03-22T16:18:27;2022-03-23T08:15:42;2022-03-23;Iva92@hotmail.com;73012;attitude scalable extensible;3696;19806;payment;deposit Frozen Realigned;Designer motivating;Pines Keyboard;Alaska Fresh programming;salmon;47569;98817;659-895-0387 x5503;Ball channels;31343
